Model,Paper,Base_Learners,Meta_Learner,Train_RMSE,Val_RMSE,Train_MAE,Val_MAE,Train_R2,Val_R2,CV_RMSE_Mean,CV_RMSE_Std,Train_MAPE,Val_MAPE,RF_Weight,XGB_Weight,Ada_Weight
Stacking Ensemble,Srirutchataboon et al. (2021),"RF, XGBoost, AdaBoost",Linear Regression,0.013521625650043815,0.13790007477533617,0.010534208451574803,0.09048845258481834,0.9988006334349241,0.8980958690223612,0.13672676688784371,0.01504545289118351,1.053782153244866,9.519752618234982,0.2265323677835903,0.9035654957051086,-0.110709580983032
Stacking + Calibration,Srirutchataboon et al. (2021),"RF, XGBoost, AdaBoost",Linear Regression + Calibration,,0.13756762556531374,,0.09190415604233441,,0.8985866172899598,,,,9.59747112800715,0.2265323677835903,0.9035654957051086,-0.110709580983032
