Model,Paper,Max_Depth,Learning_Rate,N_Estimators,Min_Child_Weight,Gamma,Subsample,Train_RMSE,Val_RMSE,Train_MAE,Val_MAE,Train_R2,Val_R2,Train_MSE,Val_MSE,Adj_R2_Train,Adj_R2_Val,CV_RMSE_Mean,CV_RMSE_Std,Train_MAPE,Val_MAPE
XGBoost,Sharma et al. (2024),5,0.1,300,1,0,0.8,0.013255770123320649,0.13385204582881088,0.009772949457794134,0.08688595027093916,0.9988473324963432,0.903990808322575,0.00017571544156232033,0.01791637017255809,0.9985103400035797,-0.034765732523358794,0.13123979281879725,0.012939870785755604,0.9777266200723933,9.116993985640288
